turtle,jimbob
 ,WASD... to move?
,Spacebar huh...
,Genius...
,And I can use my cursor to aim?
,Ok
,We gotta find a weapon then. 
,So what now?
,Control to slide?
,And Shift to dash?
,Well that seems useful
,So now just W to climb this ladder?
,Ok
,Oh cool a weapon
,So I can use M2 to fire this shotgun
,Finally something I can use
,Am I ready?
,Yeah I guess
,I've only waited for this moment for 500 years
,Its time to show them the power of JimBob
,"When I'm done, they're all going to be left §r§Bin silence"
